variant,valid_pct,time_ms,relative_time,L_ratio,L_ratio_p90,ackermann_pct
TVE (full),100,25.7329,1,1.00648,1.03184,52.381
K = 1 candidate,100,22.0411,0.867522,1.00916,1.09331,50.7937
K = 8 candidates,100,30.9296,1.12034,1.00637,1.02928,54.7619
tile portals only,100,22.7707,0.905985,1.00637,1.04298,53.1746
disc portals only,100,23.0321,0.91933,1.01671,1.07009,62.6984
single connector,100,27.7183,0.981209,1.0069,1.05649,50.7937
exact collision test only,100,34.4965,1.15898,1.00438,1.03059,52.381
per-obstacle generators,100,24.5226,1.00442,1.0076,1.04298,53.9683
skeleton length weights,100,26.8057,0.996874,1.00644,1.02725,54.7619
Bezier smoothing,100,32.9316,1.12542,1.01659,1.04598,39.6825
no smoothing,100,25.5841,0.975339,1.01258,1.03916,21.4286
