algo,planner,valid_pct,L_ratio_median,L_ratio_p90,time_ms_median,time_ms_p90,min_clearance_m,sharp_turns,diff_drive_time_s,ackermann_pct,gt_safe_pct
visibility,Visibility graph,100,1,1,3080.78,8617.2,0.264725,0,10.0184,41.07142857142857,95.2381
rrt_star,RRT*,100,1.00238,1.01174,1835.89,2031.98,0.259729,0,10.1773,38.69047619047619,95.2381
topological,Homotopy planner,99.4048,1.00296,1.02811,353.289,612.228,0.252195,1,10.1694,31.137724550898206,95.2096
tve,TVE (proposed),100,1.00547,1.03087,28.102,51.6505,0.298774,0,10.1844,56.547619047619044,95.2381
theta,Theta*,98.8095,1.00663,1.01248,370.104,1377.53,0.256777,0,10.1871,27.710843373493976,95.1807
hybrid_astar,Hybrid A*,88.0952,1.01644,1.04794,85.7579,389.526,0.268217,0,10.2205,100.0,95.2703
teselado,WDT,100,1.04066,1.15238,46.1699,352.52,0.299331,0,10.7186,54.166666666666664,94.6429
prm,PRM,95.2381,1.04444,1.10401,670.56,713.096,0.283008,1,10.8604,6.875000000000001,95
astar,A*,98.8095,1.05865,1.08128,4.986,12.4432,0.288397,7,10.6614,1.8072289156626504,95.1807
dijkstra,Dijkstra,98.8095,1.05865,1.08128,19.4183,32.824,0.288397,5,10.7528,0.6024096385542169,95.1807
slam,SLAM-based,95.8333,1.08107,1.51869,538.824,983.661,0.305722,1,12.0378,0.0,95.6522
aco,ACO,98.8095,1.11066,1.16749,392.222,2828.23,0.3325,22,11.8293,0.0,95.1807
rrt,RRT,99.4048,1.2559,1.48675,21.1371,80.2059,0.274466,8,16.3432,10.778443113772456,94.012
drl,DRL (D3QN),70.2381,1.52939,2.963,11.495,26.1106,0.378289,19.5,29.6245,0.0,94.9153
potential,APF,33.9286,5.3308,25.9761,167.711,842.176,0.276178,452,146.442,3.508771929824561,89.4737
