algo,planner,rank_L,rank_time,n,z_L,p_L,r_L,tve_shorter_pct,z_time,p_time,r_time,tve_faster_pct,p_L_holm,p_time_holm
visibility,Visibility graph,1.46753,11.7078,168,10.2117,1.75737e-24,0.828279,2.38095,-11.2408,2.56978e-29,-0.867248,100,1.4059e-23,2.82675e-28
topological,Homotopy planner,3.3961,7.05844,167,3.49588,0.000472508,0.283553,28.7425,-10.8015,3.38548e-27,-0.835847,97.6048,0.000945015,1.35419e-26
rrt_star,RRT*,3.44805,10.9545,168,5.65011,1.60348e-08,0.435915,36.3095,-11.2408,2.56978e-29,-0.867248,100,4.81044e-08,2.82675e-28
theta,Theta*,4.38961,7.37662,166,-0.061271,0.951143,-0.00475555,56.0241,-11.1078,1.14978e-28,-0.862131,99.3976,0.951143,8.04846e-28
teselado,WDT,6.97403,4.81169,168,-9.29597,1.45864e-20,-0.732625,79.1667,-8.79706,1.40445e-18,-0.678708,84.5238,5.83456e-20,4.21335e-18
prm,PRM,7.71429,9.01948,160,-9.91439,3.60464e-23,-0.783801,95,-10.9706,5.28913e-28,-0.867306,100,1.80232e-22,2.64457e-27
dijkstra,Dijkstra,7.93182,2.75974,166,-9.99523,1.59913e-23,-0.77578,94.5783,7.23804,4.55224e-13,0.561781,24.6988,1.11939e-22,9.10447e-13
astar,A*,7.96429,1.11039,166,-9.99523,1.59913e-23,-0.77578,94.5783,11.1739,5.47293e-29,0.867262,0,1.11939e-22,4.92563e-28
slam,SLAM-based,9.48052,8.36364,161,-10.7178,8.39324e-27,-0.844685,97.5155,-11.0031,3.69234e-28,-0.867165,99.3789,9.23257e-26,2.2154e-27
aco,ACO,10.5065,8.36364,166,-10.6192,2.42558e-26,-0.824212,97.5904,-11.1739,5.47293e-29,-0.867262,100,2.42558e-25,4.92563e-28
rrt,RRT,10.6494,2.87013,167,-10.261,1.05641e-24,-0.835026,88.024,2.64865,0.0080815,0.204958,34.7305,9.50766e-24,0.0080815
