scene,level,seed,query,algo,event,t_ms,ok,ratio,detour
warehouse,facil,400,1,tve,person,130.15260000247508,True,1.0229704096554073,0.9995923014246832
warehouse,facil,400,1,teselado,person,90.39759999723174,True,1.041037991498486,1.017246981897587
warehouse,facil,400,1,astar,person,10.69429999915883,True,1.0489805839928168,1.0250080610409817
warehouse,facil,400,1,theta,person,1262.2226999956183,True,1.003891586765928,0.9809494899605737
warehouse,facil,400,1,rrt,person,69.12410000222735,True,1.2554826181833096,1.2267908708437465
warehouse,facil,400,1,prm,person,628.6268999974709,True,1.0223175838948868,0.9989543947968582
warehouse,facil,400,1,hybrid_astar,person,220.98269998969045,True,1.0101213067867563,0.9870368411821491
warehouse,facil,400,1,visibility,person,2611.479099999997,True,1.0,0.9771468382564465
warehouse,facil,401,0,tve,cart,43.1176999991294,True,1.0023119582244193,1.0324923973922306
warehouse,facil,401,0,teselado,cart,69.02199999603909,True,0.9957552974899829,1.0257383101990796
warehouse,facil,401,0,astar,cart,2.700799988815561,True,1.0347233126300113,1.065879684392418
warehouse,facil,401,0,theta,cart,238.57620000489987,True,1.0093000960113443,1.039690953767544
warehouse,facil,401,0,rrt,cart,21.66709999437444,True,1.1104920387472879,1.143929869301682
warehouse,facil,401,0,prm,cart,642.3084000125527,False,,
warehouse,facil,401,0,hybrid_astar,cart,6.523500007460825,False,,
warehouse,facil,401,0,visibility,cart,1503.0038000113564,True,1.0,1.0301108242001575
warehouse,facil,401,1,tve,cart,53.17739999736659,True,1.0031845662042185,1.011378000130243
warehouse,facil,401,1,teselado,cart,32.07299999485258,True,1.1617710400118426,1.171259716945463
warehouse,facil,401,1,astar,cart,7.589400003780611,True,1.0489495847635024,1.0575168010106681
warehouse,facil,401,1,theta,cart,1008.0620999942767,True,1.0096778583158896,1.0179243257131934
warehouse,facil,401,1,rrt,cart,34.64460000395775,True,1.216320870242248,1.2262550787806457
warehouse,facil,401,1,prm,cart,632.1447000082117,True,1.0799896183072775,1.0888103516762873
warehouse,facil,401,1,hybrid_astar,cart,478.88049999892246,True,1.0197729995156346,1.0281019182137063
warehouse,facil,401,1,visibility,cart,1701.2261999916518,True,1.0,1.0081674242228689
office,facil,401,0,tve,person,25.339800005895086,True,1.0137497000087143,1.0218352197841971
office,facil,401,0,teselado,person,51.07849999330938,True,1.3819379748924152,1.3929601106566847
office,facil,401,0,astar,person,12.108099996112287,True,1.0414226054455131,1.0497288402793112
office,facil,401,0,theta,person,772.2278000001097,True,1.0077773981815266,1.015815283748557
office,facil,401,0,rrt,person,27.254699991317466,True,1.3264744442772198,1.337054211009367
office,facil,401,0,prm,person,610.1670000061858,True,1.072026648308366,1.0805769765251512
office,facil,401,0,hybrid_astar,person,177.50649999652524,True,1.1595937400348895,1.1688424906056643
office,facil,401,0,visibility,person,3472.7770000026794,True,1.0,1.007975854173287
office,facil,401,1,tve,person,25.846899996395223,True,1.0095642721613476,1.033071530288033
office,facil,401,1,teselado,person,40.55780000635423,True,1.0461934525915182,1.070553605004466
office,facil,401,1,astar,person,7.362399992416613,True,1.0290913214024526,1.0530532582451155
office,facil,401,1,theta,person,1008.9964999933727,True,1.0026610450804463,1.0260075646138864
office,facil,401,1,rrt,person,29.54600000521168,True,1.4882996192811737,1.5229540184957873
office,facil,401,1,prm,person,664.7833000024548,True,1.0357796381208764,1.0598973094639257
office,facil,401,1,hybrid_astar,person,190.0166999985231,True,1.019685640616351,1.0434285703366415
office,facil,401,1,visibility,person,3181.2174999940908,True,1.0,1.0232845582741943
office,medio,401,0,tve,cart,20.765000008395873,True,1.0055699269463065,1.0573285588438368
office,medio,401,0,teselado,cart,31.65910000097938,True,1.0381831648554338,1.091620463278972
office,medio,401,0,astar,cart,3.4842999884858727,True,1.0753668906929212,1.130718107509033
office,medio,401,0,theta,cart,273.1857999897329,True,1.0041951487782461,1.0558830181805638
office,medio,401,0,rrt,cart,11.717299988958985,True,1.1203227682828307,1.1779879511966285
office,medio,401,0,prm,cart,646.3428999995813,True,1.0688322037261802,1.1238470675466286
office,medio,401,0,hybrid_astar,cart,42.08089999156073,True,1.022378377624339,1.0750021730357124
office,medio,401,0,visibility,cart,3033.445399996708,True,1.0,1.051471936968829
office,medio,401,1,tve,cart,29.36000000045169,True,1.0134575920827065,1.038470005331798
office,medio,401,1,teselado,cart,74.63969998934772,True,1.2205249790821806,1.2506478726261572
office,medio,401,1,astar,cart,18.07020000705961,True,1.0443908272831257,1.0701666813194872
office,medio,401,1,theta,cart,2361.034000001382,True,1.0075612751457654,1.032428165664526
office,medio,401,1,rrt,cart,64.98339999234304,True,1.4708821512693324,1.507183928961535
office,medio,401,1,prm,cart,627.7215000009164,True,1.1195473257726483,1.1471780629469528
office,medio,401,1,hybrid_astar,cart,1016.5484000026481,True,1.0406072589019102,1.0662897334257526
office,medio,401,1,visibility,cart,2694.174699994619,True,1.0,1.024680276160041
warehouse,facil,402,0,tve,cart,25.269100005971268,True,1.0017684918856495,1.019097239724063
warehouse,facil,402,0,teselado,cart,31.617599990568124,True,1.050623790604012,1.068797645030343
warehouse,facil,402,0,astar,cart,1.7318000027444214,True,1.0380774688293064,1.0560342950219743
warehouse,facil,402,0,theta,cart,130.33140001061838,True,1.0046335623752538,1.0220118706504904
warehouse,facil,402,0,rrt,cart,16.168399990419857,True,1.1483402216280412,1.1682043901405117
warehouse,facil,402,0,prm,cart,647.1906999940984,True,1.055739461543139,1.0740018076443894
warehouse,facil,402,0,hybrid_astar,cart,91.12409999943338,True,1.0056625332224256,1.023058640796091
warehouse,facil,402,0,visibility,cart,1949.9183000007179,True,1.0,1.0172981561895555
warehouse,facil,402,1,tve,person,21.581499997409992,True,1.0095835672422366,1.239837362332083
warehouse,facil,402,1,teselado,person,43.428999997559,True,1.0265116965949548,1.2606262578003617
warehouse,facil,402,1,astar,person,12.304399991990067,True,1.0351511802224758,1.2712361319506673
warehouse,facil,402,1,theta,person,791.1842999892542,True,1.0049226254485342,1.2341134084495207
warehouse,facil,402,1,rrt,person,39.903199998661876,True,1.230875660943939,1.5115991210040451
warehouse,facil,402,1,prm,person,617.4695000081556,True,1.0768181130442405,1.3224059625247913
warehouse,facil,402,1,hybrid_astar,person,11.942299999645911,False,,
warehouse,facil,402,1,visibility,person,1799.794499995187,True,1.0,1.2280680892209888
office,facil,400,0,tve,person,38.26590000244323,True,1.0081639772758375,1.0292173926620916
office,facil,400,0,teselado,person,29.0349000133574,True,1.0994207850571356,1.1223799097569027
office,facil,400,0,astar,person,3.5555999929783866,True,1.087798984995249,1.1105154124852825
office,facil,400,0,theta,person,185.11160000343807,True,1.0143726087514158,1.0355556785395148
office,facil,400,0,rrt,person,58.00789999193512,True,3.1280316080826913,3.1933540658085127
office,facil,400,0,prm,person,608.8968999974895,True,1.0278799291448972,1.0493450713273775
office,facil,400,0,hybrid_astar,person,2.40539999504108,False,,
office,facil,400,0,visibility,person,5224.335399994743,True,1.0,1.0208829276395517
office,facil,400,1,tve,cart,327.5348000024678,True,1.5269076714462435,1.5372285094655358
office,facil,400,1,teselado,cart,268.0294000019785,True,1.120119002323028,1.1276902307617176
office,facil,400,1,astar,cart,8.948500006226823,True,1.053018331720399,1.0601360061130738
office,facil,400,1,theta,cart,1161.2574999890057,True,1.0116364875245294,1.0184744493197289
office,facil,400,1,rrt,cart,34.31500001170207,True,1.2255654771373576,1.2338494506926092
office,facil,400,1,prm,cart,638.4758000058355,True,1.0595349174448476,1.0666966394423374
office,facil,400,1,hybrid_astar,cart,4.651700000977144,False,,
office,facil,400,1,visibility,cart,4425.923399991007,True,1.0,1.0067593072012773
office,medio,402,0,tve,person,27.397300000302494,True,0.7611459561361716,1.1427332021206682
office,medio,402,0,teselado,person,34.34619998733979,True,0.7893132078456137,1.1850216140623997
office,medio,402,0,astar,person,5.040699994424358,True,1.0307819052662717,1.5475464302174362
office,medio,402,0,theta,person,563.847600002191,True,1.0087371182611158,1.5144498738455818
office,medio,402,0,rrt,person,24.957600006018765,True,1.2561562718538206,1.885908303561518
office,medio,402,0,prm,person,629.8752000002423,True,1.0709118988414525,1.6077948959545967
office,medio,402,0,hybrid_astar,person,58.463299996219575,True,1.0154887361290221,1.5245862975413118
office,medio,402,0,visibility,person,4899.12839999306,True,1.0,1.5013325537739954
office,medio,402,1,tve,cart,25.28199998778291,True,0.715277013891391,1.0630706934803522
office,medio,402,1,teselado,cart,48.692900003516115,True,0.819058898730573,1.2173151024911522
office,medio,402,1,astar,cart,15.181599999777973,True,1.0519046910328205,1.563378981365244
office,medio,402,1,theta,cart,2051.8198999925517,True,1.008502373510188,1.4988728796852513
office,medio,402,1,rrt,cart,38.347499998053536,True,1.2470681493275497,1.853438005941846
office,medio,402,1,prm,cart,602.651799999876,True,1.0520895463746276,1.5636537200924667
office,medio,402,1,hybrid_astar,cart,85.95799999602605,True,1.0396648108592899,1.545187626615282
office,medio,402,1,visibility,cart,4874.347899996792,True,1.0,1.486236343171194
office,medio,400,0,tve,cart,36.984700011089444,True,1.0155160777884134,1.083168119000002
office,medio,400,0,teselado,cart,30.809299991233274,True,1.1585582854931775,1.2357395675925265
office,medio,400,0,astar,cart,6.468300009146333,True,1.0657753730217687,1.1367756073213457
office,medio,400,0,theta,cart,679.8159000027226,True,1.0053199923113483,1.0722927867734482
office,medio,400,0,rrt,cart,46.605299998191185,True,1.300169365770898,1.386784549359852
office,medio,400,0,prm,cart,635.6250000098953,True,1.0640375426101891,1.1349220054540559
office,medio,400,0,hybrid_astar,cart,89.96990000014193,True,1.042871714602012,1.112346144163289
office,medio,400,0,visibility,cart,4781.961100001354,True,1.0,1.0666183851652264
office,medio,400,1,tve,person,152.67320000566542,True,1.0821000060951977,1.0102685690684283
office,medio,400,1,teselado,person,94.57870000915136,True,1.0797960937601179,1.0081175939229616
office,medio,400,1,astar,person,15.092800007550977,True,1.0583517312377733,0.9880967406580112
office,medio,400,1,theta,person,1473.2692000106908,True,1.0056310289419674,0.9388757184154696
office,medio,400,1,rrt,person,56.445299996994436,True,1.1546828805910363,1.0780332824431116
office,medio,400,1,prm,person,625.7623999990756,True,1.093454495828796,1.020869330579426
office,medio,400,1,hybrid_astar,person,775.4540999885648,True,2.0312054286350847,1.8963709364314154
office,medio,400,1,visibility,person,4789.471299998695,True,1.0,0.9336184857017272
warehouse,medio,400,0,tve,person,72.70920000155456,True,1.0369872070351516,1.0443533718234206
warehouse,medio,400,0,teselado,person,85.7397000072524,True,1.0238474428261886,1.0311202702349935
warehouse,medio,400,0,astar,person,5.591299996012822,True,1.0451009314980315,1.0525247315502986
warehouse,medio,400,0,theta,person,630.3600999963237,True,1.004378164637152,1.011512693414618
warehouse,medio,400,0,rrt,person,139.61559999734163,True,1.1325194043471634,1.1405641752968312
warehouse,medio,400,0,prm,person,612.0825999969384,True,1.0397288361628811,1.0471144759184459
warehouse,medio,400,0,hybrid_astar,person,73.78390000667423,True,1.0062197944829576,1.013367405146903
warehouse,medio,400,0,visibility,person,2593.836400003056,True,1.0,1.0071034287967058
warehouse,medio,400,1,tve,person,24.985099997138605,True,1.0242306068154137,1.044747001355855
warehouse,medio,400,1,teselado,person,33.0794000037713,True,1.0521383376461364,1.0732137527944774
warehouse,medio,400,1,astar,person,5.913999993936159,True,1.0348989341674613,1.0556290262986452
warehouse,medio,400,1,theta,person,658.0160000012256,True,1.0037625480494716,1.023868946280171
warehouse,medio,400,1,rrt,person,52.22919999505393,True,1.2914236959423435,1.3172922434047247
warehouse,medio,400,1,prm,person,630.0476000033086,True,1.0897699927702322,1.111599208750728
warehouse,medio,400,1,hybrid_astar,person,261.8094000063138,True,1.0137228151517226,1.0340287277966937
warehouse,medio,400,1,visibility,person,2574.943699990399,True,1.0,1.0200310305159028
office,facil,402,0,tve,cart,24.26069999637548,True,1.0052782373470894,1.0350738824607477
office,facil,402,0,teselado,cart,42.58520000439603,True,1.0311248426876294,1.0616865605675216
office,facil,402,0,astar,cart,3.932599996915087,True,1.0761147497053485,1.1080099325438915
office,facil,402,0,theta,cart,291.01519999676384,True,1.00619237989254,1.0360151194620968
office,facil,402,0,rrt,cart,78.01680000557099,True,2.6367139764046192,2.714864075539859
office,facil,402,0,prm,cart,623.0107000010321,True,1.4162857934797786,1.45826337472475
office,facil,402,0,hybrid_astar,cart,146.5751000068849,True,1.0109053214165822,1.0408677488137221
office,facil,402,0,visibility,cart,5522.45689999836,True,1.0,1.0296392023687773
office,facil,402,1,tve,person,31.845899997279048,True,1.023554909708345,1.012657698766066
office,facil,402,1,teselado,person,50.413200006005354,True,1.1433303140330806,1.1311579220191819
office,facil,402,1,astar,person,19.825100011075847,True,1.1014222229368364,1.0896960026959737
office,facil,402,1,theta,person,2414.6873999998206,True,1.0420121587065518,1.030918443860242
office,facil,402,1,rrt,person,53.608700007316656,True,1.4581307295539994,1.442606835339182
office,facil,402,1,prm,person,609.410699995351,True,1.1321601838143085,1.120106713867113
office,facil,402,1,hybrid_astar,person,3.3239999902434647,False,,
office,facil,402,1,visibility,person,5719.765099987853,True,1.0,0.9893535648757876
home,facil,400,0,tve,person,73.340900009498,True,1.0170031420473022,1.0590690041154622
home,facil,400,0,teselado,person,64.34099999023601,True,1.114541737592568,1.1606420464946574
home,facil,400,0,astar,person,8.51179999881424,True,1.0573434834223003,1.1010779256215373
home,facil,400,0,theta,person,981.9113000121433,True,1.0080362678144,1.049731236933395
home,facil,400,0,rrt,person,20.434099991689436,True,1.4368301976764974,1.4962611850667165
home,facil,400,0,prm,person,645.7374000019627,True,1.0804151503076556,1.125103895907498
home,facil,400,0,hybrid_astar,person,2.9394000011961907,False,,
home,facil,400,0,visibility,person,1144.3623000086518,True,1.0,1.0413625684415078
home,facil,400,1,tve,cart,64.73120000737254,True,1.0479895135845274,1.265902195064821
home,facil,400,1,teselado,cart,72.67680000222754,True,1.0761377294347148,1.2999033828343745
home,facil,400,1,astar,cart,6.935400000656955,True,1.0337327031746688,1.2486809086315886
home,facil,400,1,theta,cart,899.5366000017384,True,1.0074457258250138,1.2169279741821508
home,facil,400,1,rrt,cart,127.27240000094753,True,1.2338898624603039,1.4904575523987285
home,facil,400,1,prm,cart,622.0137999916915,True,1.0501726258029664,1.2685392506017052
home,facil,400,1,hybrid_astar,cart,153.0574000062188,False,,
home,facil,400,1,visibility,cart,1000.8884999988368,True,1.0,1.2079340285905613
warehouse,medio,401,0,tve,cart,52.41889999888372,True,1.0039332530264236,1.0067586892152183
warehouse,medio,401,0,teselado,cart,70.67460000689607,True,1.0527965266080714,1.0557594819606793
warehouse,medio,401,0,astar,cart,12.517700000898913,True,1.0565304290574344,1.0595038929802825
warehouse,medio,401,0,theta,cart,1471.4864999987185,True,1.0047638874450806,1.0075916613436176
warehouse,medio,401,0,rrt,cart,66.43379999150056,True,1.1865454759887193,1.1898848499136319
warehouse,medio,401,0,prm,cart,605.6186000059824,True,1.2533873144661596,1.2569148058269577
warehouse,medio,401,0,hybrid_astar,cart,353.9097999891965,True,1.0178597639580036,1.020724394453642
warehouse,medio,401,0,visibility,cart,1975.3528000001097,True,1.0,1.002814366572954
warehouse,medio,401,1,tve,cart,44.48339999362361,True,1.0040939551602206,1.187009737048737
warehouse,medio,401,1,teselado,cart,37.98350000579376,True,1.5374981091706776,1.817584118398962
warehouse,medio,401,1,astar,cart,4.087600013008341,True,1.0393805101482776,1.228724443269676
warehouse,medio,401,1,theta,cart,400.3575999959139,True,1.0082376811023905,1.191908325488334
warehouse,medio,401,1,rrt,cart,45.596500000101514,True,1.3523344221074085,1.5986891650309036
warehouse,medio,401,1,prm,cart,633.1771999975899,True,1.4854419177176337,1.7560448512707414
warehouse,medio,401,1,hybrid_astar,cart,256.4701000083005,False,,
warehouse,medio,401,1,visibility,cart,2005.8446000039112,True,1.0,1.182169986133747
home,facil,402,0,tve,person,200.80289999896195,True,1.0218640136145574,2.46304076295186
home,facil,402,0,teselado,person,140.67829999839887,True,1.1034772280507399,2.659756442605563
home,facil,402,0,astar,person,8.283499992103316,True,1.0340756296076345,2.492474922068661
home,facil,402,0,theta,person,1008.5828000010224,True,1.008167156934968,2.430026667263328
home,facil,402,0,rrt,person,161.8705000000773,True,1.2171280891966387,2.933693776749241
home,facil,402,0,prm,person,634.1721000062535,True,1.0731224878583907,2.586591166750404
home,facil,402,0,hybrid_astar,person,95.25209999992512,False,,
home,facil,402,0,visibility,person,982.9258999961894,True,1.0,2.4103410337737055
home,facil,402,1,tve,person,35.701399989193305,True,1.0030690422155935,1.003406295133389
home,facil,402,1,teselado,person,30.801100001554005,True,1.0649187485719218,1.0652767966623882
home,facil,402,1,astar,person,2.6914000045508146,True,1.0698500337615298,1.070209739853837
home,facil,402,1,theta,person,255.8671000006143,True,1.0045736625290889,1.0049114213318928
home,facil,402,1,rrt,person,9.77720000082627,True,1.3189142940382004,1.3193577407754302
home,facil,402,1,prm,person,632.3374000057811,True,1.031235904008218,1.0315826272176136
home,facil,402,1,hybrid_astar,person,47.14310000417754,True,1.014061436720019,1.0144023855121405
home,facil,402,1,visibility,person,1082.6584000024013,True,1.0,1.0003362210412263
home,facil,401,0,tve,person,39.804200001526624,True,1.008246355009148,1.0628766933587892
home,facil,401,0,teselado,person,33.21490000234917,True,1.1614966423656157,1.2244306210000633
home,facil,401,0,astar,person,4.564399991068058,True,1.069168874490273,1.1271002095019216
home,facil,401,0,theta,person,393.41430000786204,True,1.0028446075611197,1.0571822602101886
home,facil,401,0,rrt,person,7.29690000298433,True,1.2148415371652481,1.2806659300696324
home,facil,401,0,prm,person,636.3780999963637,True,1.0507391340301497,1.1076718807979327
home,facil,401,0,hybrid_astar,person,2.9150000045774505,False,,
home,facil,401,0,visibility,person,1852.0518000004813,True,1.0,1.0541835217932876
home,facil,401,1,tve,cart,44.99150000629015,True,1.169812486652971,1.242208214982223
home,facil,401,1,teselado,cart,371.66140000044834,True,1.0918726002333663,1.1594448932619823
home,facil,401,1,astar,cart,6.276699990849011,True,1.0487331158298787,1.113635652441315
home,facil,401,1,theta,cart,631.2093000015011,True,1.004869098779595,1.0670570401050057
home,facil,401,1,rrt,cart,222.0841000089422,True,1.4537526385351105,1.5437204601117511
home,facil,401,1,prm,cart,656.4102999982424,True,1.1160384850578082,1.1851063227592222
home,facil,401,1,hybrid_astar,cart,27.854999992996454,True,1.027259648953705,1.090833265510011
home,facil,401,1,visibility,cart,1772.0317000057548,True,1.0,1.0618866093115387
warehouse,medio,402,0,tve,cart,94.23030000471044,True,1.0758429122610944,1.0920614146814602
warehouse,medio,402,0,teselado,cart,70.65349999174941,True,1.1154557273319374,1.1322713992180142
warehouse,medio,402,0,astar,cart,4.3910999957006425,True,1.0642121076770565,1.0802552738748687
warehouse,medio,402,0,theta,cart,450.37109999975655,True,1.0071170454322256,1.0222994945172925
warehouse,medio,402,0,rrt,cart,452.0580000098562,True,1.306242157819761,1.3259339653845463
warehouse,medio,402,0,prm,cart,612.4692000012146,False,,
warehouse,medio,402,0,hybrid_astar,cart,1413.1265999894822,True,1.0364046517944017,1.0520286161873804
warehouse,medio,402,0,visibility,cart,2655.738100002054,True,1.0,1.015075158497145
warehouse,medio,402,1,tve,person,24.550599991925992,True,1.0069269605095765,1.0065369513449653
warehouse,medio,402,1,teselado,person,40.90449999785051,True,1.0904860792678481,1.090063705469673
warehouse,medio,402,1,astar,person,8.132799994200468,True,1.0712811724246285,1.0708662371894953
warehouse,medio,402,1,theta,person,850.3926999983378,True,1.0110018600203372,1.0106102725404993
warehouse,medio,402,1,rrt,person,21.567299991147593,True,1.313360207852143,1.3128515090710131
warehouse,medio,402,1,prm,person,658.6385999980848,True,1.0923054521068203,1.0918823736179288
warehouse,medio,402,1,hybrid_astar,person,150.7290000008652,True,1.0204514269288583,1.0200561793844471
warehouse,medio,402,1,visibility,person,2590.1513999997405,True,1.0,0.9996126738284832
home,medio,400,0,tve,person,43.97969999990892,True,1.009505489685195,1.0282255397471465
home,medio,400,0,teselado,person,59.05800001346506,True,1.0933016719280884,1.1135756201536613
home,medio,400,0,astar,person,6.79610000224784,True,1.046570509038845,1.0659778847517587
home,medio,400,0,theta,person,883.6195999901975,True,1.0084518344089943,1.027152345716853
home,medio,400,0,rrt,person,11.6037999978289,True,1.161045415113439,1.18257558856688
home,medio,400,0,prm,person,630.0459000049159,True,1.0948784325439558,1.1151816198751763
home,medio,400,0,hybrid_astar,person,18.004999990807846,True,1.0498470928866717,1.0693152288572463
home,medio,400,0,visibility,person,2724.362299995846,True,1.0,1.0185437823302865
home,medio,400,1,tve,cart,38.46590001194272,True,1.0055263139206432,1.0323519032092983
home,medio,400,1,teselado,cart,30.816999991657212,True,1.015509415792966,1.0426013358448705
home,medio,400,1,astar,cart,5.044800011091866,True,1.0793180629501027,1.108112280135364
home,medio,400,1,theta,cart,298.494100003154,True,1.0114154107957418,1.0383981103378688
home,medio,400,1,rrt,cart,5.760200001532212,True,1.1453721787111264,1.1759285979946317
home,medio,400,1,prm,cart,660.1398000057088,True,1.0540111573897992,1.0821302329648121
home,medio,400,1,hybrid_astar,cart,25.880699991830625,True,1.0169304195034923,1.0440602493160749
home,medio,400,1,visibility,cart,2579.1776000114623,True,1.0,1.0266781574159503
workshop,facil,400,0,tve,person,21.28100000845734,True,1.0394897921115052,0.9968230257685574
workshop,facil,400,0,teselado,person,37.247699990984984,True,1.0126235360316467,0.9710595186328137
workshop,facil,400,0,astar,person,2.5568999990355223,True,1.0863767697948286,1.0417854865046987
workshop,facil,400,0,theta,person,159.10369998891838,True,1.0100797393588947,0.9686201343160888
workshop,facil,400,0,rrt,person,6.4581000042380765,True,1.2595407152362477,1.2078417665748553
workshop,facil,400,0,prm,person,639.6317999897292,True,1.0300610265245178,0.9877812720995854
workshop,facil,400,0,hybrid_astar,person,29.580900009023026,True,1.0229905613394825,0.9810010203329743
workshop,facil,400,0,visibility,person,2282.4456000089413,True,1.0,0.9589541266621973
workshop,facil,400,1,tve,cart,18.27049998973962,True,1.0031697602237333,1.0252076635233047
workshop,facil,400,1,teselado,cart,37.909699996816926,True,1.064948066563544,1.0883431323246557
workshop,facil,400,1,astar,cart,2.943899991805665,True,1.0445107701245442,1.0674568638567072
workshop,facil,400,1,theta,cart,339.96680000564083,True,1.001064654202077,1.0230563119659672
workshop,facil,400,1,rrt,cart,9.12439999228809,True,1.183671765856159,1.2096749857982685
workshop,facil,400,1,prm,cart,619.9961000093026,True,1.0302943897274899,1.0529281741886973
workshop,facil,400,1,hybrid_astar,cart,67.19139999768231,True,1.0165222151026536,1.0388534487248693
workshop,facil,400,1,visibility,cart,2270.9999999933643,True,1.0,1.0219682691538232
home,medio,402,0,tve,cart,39.48519998812117,True,1.0108614616004228,1.0667844229302657
home,medio,402,0,teselado,cart,425.6169000000227,True,1.2305416235899627,1.2986177489987136
home,medio,402,0,astar,cart,6.448600004659966,True,1.0451530809796925,1.1029731261111562
home,medio,402,0,theta,cart,700.397199994768,True,1.0018572079675294,1.057282035233661
home,medio,402,0,rrt,cart,61.785300000337884,True,1.2146564650418583,1.281853790396448
home,medio,402,0,prm,cart,634.5325000002049,False,,
home,medio,402,0,hybrid_astar,cart,462.7983999962453,True,1.0714860664286445,1.130762907157627
home,medio,402,0,visibility,cart,1514.5211999915773,True,1.0,1.055322082653447
home,medio,402,1,tve,cart,201.34210000105668,True,1.0191933016935784,1.428404707592654
home,medio,402,1,teselado,cart,138.77240000874735,True,1.07970493317507,1.5132120735051324
home,medio,402,1,astar,cart,10.15630000620149,True,1.0371187725756084,1.4535273481664877
home,medio,402,1,theta,cart,1302.3826999997254,True,1.0058020867174247,1.409636850228856
home,medio,402,1,rrt,cart,388.8735000073211,False,,
home,medio,402,1,prm,cart,611.9591000024229,False,,
home,medio,402,1,hybrid_astar,cart,2007.824400003301,True,1.4267586052210945,1.9996095980121187
home,medio,402,1,visibility,cart,1272.8705999907106,True,1.0,1.4015051955493574
workshop,facil,401,0,tve,person,22.95060000324156,True,1.0186265994437869,1.0181908643786612
workshop,facil,401,0,teselado,person,43.95149998890702,True,1.0925274779997327,1.0920601305614883
workshop,facil,401,0,astar,person,10.026899995864369,True,1.073697649789085,1.0732383571340423
workshop,facil,401,0,theta,person,976.4289000013378,True,1.0078798561715754,1.0074487182109062
workshop,facil,401,0,rrt,person,16.615999993518926,True,1.2790830985636137,1.278535948746833
workshop,facil,401,0,prm,person,641.9751999928849,True,1.0843380186944478,1.0838741744384153
workshop,facil,401,0,hybrid_astar,person,130.58420000015758,True,1.055007417955,1.054556120368405
workshop,facil,401,0,visibility,person,2479.142399999546,True,1.0,0.999572232783472
workshop,facil,401,1,tve,person,22.56169999600388,True,1.0065616960788841,1.0022581261462822
workshop,facil,401,1,teselado,person,42.45710000395775,True,1.0258235006953977,1.0214375766224404
workshop,facil,401,1,astar,person,3.4130999993067235,True,1.0468613356974108,1.0423854640390102
workshop,facil,401,1,theta,person,276.0924000031082,True,1.0030780229276337,0.9987893474928922
workshop,facil,401,1,rrt,person,10.99209999665618,True,1.316211612685777,1.310584129796887
workshop,facil,401,1,prm,person,615.0941999949282,True,1.0411109264508254,1.0366596407551436
workshop,facil,401,1,hybrid_astar,person,39.494299999205396,True,1.0059408582906852,1.001639942759546
workshop,facil,401,1,visibility,person,2537.548099993728,True,1.0,0.9957244846993814
workshop,facil,402,0,tve,cart,20.39560000412166,True,1.0024285517472797,1.0207643310175156
workshop,facil,402,0,teselado,cart,45.92580000462476,True,1.0151144870360955,1.0336823092872367
workshop,facil,402,0,astar,cart,5.245000007562339,True,1.0552306854714268,1.0745322874601755
workshop,facil,402,0,theta,cart,533.4172000002582,True,1.009046950156044,1.0275037889193817
workshop,facil,402,0,rrt,cart,10.266500001307577,True,1.2025612764904619,1.2245577550287359
workshop,facil,402,0,prm,cart,643.0242999922484,True,1.0451297771293206,1.0642466197898688
workshop,facil,402,0,hybrid_astar,cart,33.1783000001451,True,1.0095868063538964,1.0280535198200889
workshop,facil,402,0,visibility,cart,2605.2430999989156,True,1.0,1.0182913577613841
workshop,facil,402,1,tve,cart,19.830600009299815,True,1.0108242008769301,1.1280779036082966
workshop,facil,402,1,teselado,cart,42.908200004603714,True,1.1680799922639304,1.3035750704986544
workshop,facil,402,1,astar,cart,4.030099997180514,True,1.0659233968954296,1.189568502548378
workshop,facil,402,1,theta,cart,388.4796000056667,True,1.0103244334224566,1.127520164070754
workshop,facil,402,1,rrt,cart,8.387099995161407,True,1.2810475980444642,1.4296467056989166
workshop,facil,402,1,prm,cart,633.8733000011416,True,1.037556822290515,1.1579114587369028
workshop,facil,402,1,hybrid_astar,cart,69.61219999357127,True,1.0139533024612908,1.131569975080666
workshop,facil,402,1,visibility,cart,2531.1889000004157,True,1.0,1.1159981158243386
workshop,medio,401,0,tve,cart,19.369000001461245,True,1.004258936626268,1.0539383961560405
workshop,medio,401,0,teselado,cart,38.74360000190791,True,1.0452932174456353,1.0970025925867617
workshop,medio,401,0,astar,cart,2.04529998882208,True,1.0555507875539174,1.1077675921243302
workshop,medio,401,0,theta,cart,161.44640000129584,True,1.007324333133486,1.057155434073824
workshop,medio,401,0,rrt,cart,13.192400001571514,True,1.255848456307627,1.3179737412169714
workshop,medio,401,0,prm,cart,672.0684000028996,True,1.1807962925766244,1.2392088388737321
workshop,medio,401,0,hybrid_astar,cart,25.493499997537583,True,1.007011208359629,1.0568268194009347
workshop,medio,401,0,visibility,cart,2220.9679999941727,True,1.0,1.0494687751514236
workshop,medio,401,1,tve,cart,25.780399999348447,True,1.1214003655110276,1.1126807350654333
workshop,medio,401,1,teselado,cart,43.70100000232924,True,1.023964867466363,1.0160028625409323
workshop,medio,401,1,astar,cart,6.706699990900233,True,1.0745968957904202,1.0662411933156797
workshop,medio,401,1,theta,cart,380.8251000009477,True,1.0077585077428342,0.9999225179962847
workshop,medio,401,1,rrt,cart,22.926799996639602,True,1.4749192417719574,1.4634507679593178
workshop,medio,401,1,prm,cart,641.3510999991558,True,1.0500818624368802,1.0419167805805902
workshop,medio,401,1,hybrid_astar,cart,74.43809999676887,True,1.0194854962335593,1.0115583213857529
workshop,medio,401,1,visibility,cart,2285.0574999902165,True,1.0,0.9922243377889209
home,medio,401,0,tve,person,45.11160000402015,True,1.0068223882599006,1.0390649981906643
home,medio,401,0,teselado,person,373.8484000059543,True,1.1432737694722037,1.1798861160221004
home,medio,401,0,astar,person,9.689400001661852,True,1.054271442260373,1.0880335668121468
home,medio,401,0,theta,person,877.5485000078334,True,1.0101268518192785,1.0424752843169796
home,medio,401,0,rrt,person,39.51460000826046,True,1.1971678508046437,1.2355061083615275
home,medio,401,0,prm,person,654.236000002129,False,,
home,medio,401,0,hybrid_astar,person,6679.869499988854,True,1.9867159243300179,2.0503387711581658
home,medio,401,0,visibility,person,1604.8478999873623,True,1.0,1.0320241288897927
home,medio,401,1,tve,person,44.61470000387635,True,1.0148281894927114,1.0264035862635843
home,medio,401,1,teselado,person,356.96739998820703,True,1.1416642520889362,1.1546863742903872
home,medio,401,1,astar,person,6.287299998803064,True,1.0777943568938366,1.0900879623017534
home,medio,401,1,theta,person,622.2110000089742,True,1.0112500849272665,1.0227846688980404
home,medio,401,1,rrt,person,306.1057000013534,True,1.2604554405370643,1.2748325262223912
home,medio,401,1,prm,person,662.4023000040324,False,,
home,medio,401,1,hybrid_astar,person,938.0276999872876,True,2.080237302375982,2.1039650352098613
home,medio,401,1,visibility,person,1865.0710999936564,True,1.0,1.0114062625484017
workshop,medio,400,0,tve,person,22.526699991431087,True,1.0051258285087339,1.0112882580858151
workshop,medio,400,0,teselado,person,43.22209999372717,True,1.114264909065489,1.1210964706845121
workshop,medio,400,0,astar,person,6.770599997253157,True,1.0494581672806849,1.0558923985644986
workshop,medio,400,0,theta,person,612.0795000024373,True,1.0052235501712161,1.0113865788801135
workshop,medio,400,0,rrt,person,21.116200005053543,True,1.452111356549357,1.4610142557874475
workshop,medio,400,0,prm,person,653.0512999888742,True,1.0432953256771198,1.0496917725599166
workshop,medio,400,0,hybrid_astar,person,83.53930000157561,True,1.0059721500329446,1.01213976840992
workshop,medio,400,0,visibility,person,4045.859500009101,True,1.0,1.0061310031065704
workshop,medio,400,1,tve,cart,23.98100000573322,True,1.0107667115078827,1.1073179188202111
workshop,medio,400,1,teselado,cart,41.99349999544211,True,1.1313051436535597,1.239370512462005
workshop,medio,400,1,astar,cart,6.082399995648302,True,1.0572643345398423,1.1582571222779763
workshop,medio,400,1,theta,cart,601.9306999951368,True,1.007981300598239,1.104266437824241
workshop,medio,400,1,rrt,cart,12.111699994420633,True,1.2856698248876468,1.408480531240202
workshop,medio,400,1,prm,cart,675.2678000048036,True,1.0299033740763752,1.128282567860637
workshop,medio,400,1,hybrid_astar,cart,107.5311999884434,True,1.009763502398967,1.1062188804269022
workshop,medio,400,1,visibility,cart,3633.040100001381,True,1.0,1.0955227415120266
store,facil,402,0,tve,cart,75.64730000740383,True,1.0912735446519575,1.0135796668732018
store,facil,402,0,teselado,cart,91.06299999984913,True,1.191155686095708,1.1063506390527087
store,facil,402,0,astar,cart,12.420500002917834,True,1.0720346496302253,0.9957104965788235
store,facil,402,0,theta,cart,1082.848299993202,True,1.0032787530767957,0.9318497175232662
store,facil,402,0,rrt,cart,71.81410001066979,True,1.2346699338390736,1.1467668636996875
store,facil,402,0,prm,cart,699.5364999893354,True,1.0596091200160445,0.9841696100350364
store,facil,402,0,hybrid_astar,cart,158.32410000439268,False,,
store,facil,402,0,visibility,cart,2470.5294000013964,True,1.0,0.9288043972480476
store,facil,400,0,tve,person,23.933400007081218,True,1.0673065828847184,1.007176722959279
store,facil,400,0,teselado,person,43.4977999975672,True,1.1481230228998753,1.0834401307944508
store,facil,400,0,astar,person,8.055800004513003,True,1.0644964730005382,1.0045249288921474
store,facil,400,0,theta,person,1356.509700010065,True,1.01942355053982,0.9619913222732447
store,facil,400,0,rrt,person,17.954199996893294,True,1.4822761697498132,1.3987677759226385
store,facil,400,0,prm,person,624.2242000007536,True,1.0807066221881345,1.0198218315808922
store,facil,400,0,hybrid_astar,person,269.9348000023747,True,1.0212215919460188,0.9636880657209858
store,facil,400,0,visibility,person,2166.182299988577,True,1.0,0.9436620546620069
store,facil,400,1,tve,cart,25.684799998998642,True,1.0045220889572726,1.0125614594028924
store,facil,400,1,teselado,cart,37.21380000934005,True,1.0903932949319997,1.099119908040605
store,facil,400,1,astar,cart,8.05699999909848,True,1.0442767498705305,1.0526342839977012
store,facil,400,1,theta,cart,1156.754000010551,True,1.002594350059828,1.0106182924652989
store,facil,400,1,rrt,cart,25.37010000378359,True,1.2532355441675798,1.2632654130036545
store,facil,400,1,prm,cart,684.4674000021769,True,1.107086829860628,1.1159470443233634
store,facil,400,1,hybrid_astar,cart,148.3421000011731,True,1.0138964984132877,1.0220108939391466
store,facil,400,1,visibility,cart,2144.4386999937706,True,1.0,1.0080031793566282
store,facil,401,0,tve,person,23.811200007912703,True,1.0023006558085255,1.0078989829442768
store,facil,401,0,teselado,person,44.0256000001682,True,1.0049437262552186,1.0105568161998315
store,facil,401,0,astar,person,3.637799993157387,True,1.0365616855845026,1.0423513769098132
store,facil,401,0,theta,person,327.6339000003645,True,1.0039725601494278,1.009580225668214
store,facil,401,0,rrt,person,15.174899992416613,True,1.263714358830212,1.2707728061592432
store,facil,401,0,prm,person,715.1908000087133,True,1.023522016450507,1.0292388750053998
store,facil,401,0,hybrid_astar,person,158.01729999657255,True,1.0077597909629552,1.013388609971874
store,facil,401,0,visibility,person,3337.944899991271,True,1.0,1.0055854768759334
store,facil,401,1,tve,person,19.226699994760565,True,1.0053364974891408,1.0416346342859644
store,facil,401,1,teselado,person,40.46540000126697,True,1.0691016426024456,1.1077020493019063
store,facil,401,1,astar,person,4.902999993646517,True,1.079698242999481,1.1186812448317691
store,facil,401,1,theta,person,403.1935999955749,True,1.0080648644144805,1.044461510154464
store,facil,401,1,rrt,person,30.733299994608387,True,1.2709289195018447,1.3168163928944192
store,facil,401,1,prm,person,641.2298999930499,True,1.0600668857591944,1.0983410884059412
store,facil,401,1,hybrid_astar,person,40.20459999446757,True,1.0197074470827712,1.0565244536267417
store,facil,401,1,visibility,person,3037.603599994327,True,1.0,1.0361054600996575
workshop,medio,402,0,tve,cart,19.120400000247173,True,1.0062950483730544,1.0451746361732306
workshop,medio,402,0,teselado,cart,38.109099987195805,True,1.035884925687072,1.0759077589348796
workshop,medio,402,0,astar,cart,3.079400004935451,True,1.081642686858865,1.1234334338968623
workshop,medio,402,0,theta,cart,230.35230000095908,True,0.999544336926447,1.038163101741529
workshop,medio,402,0,rrt,cart,6.570799989276566,True,1.1058527103843394,1.1485788448485443
workshop,medio,402,0,prm,cart,632.1560000069439,True,1.0245959985420918,1.064182668624024
workshop,medio,402,0,hybrid_astar,cart,26.829999987967312,True,1.0300889951502177,1.0698878946814125
workshop,medio,402,0,visibility,cart,5162.264799990226,True,1.0,1.038636369982179
workshop,medio,402,1,tve,cart,21.229000005405396,True,1.0070619914312386,1.0133349215549312
workshop,medio,402,1,teselado,cart,36.250499993911944,True,1.1417823373351565,1.1488944325979225
workshop,medio,402,1,astar,cart,3.65290000627283,True,1.060271362606004,1.0668757307843
workshop,medio,402,1,theta,cart,424.0101000032155,True,1.0040692641387272,1.0103235527395096
workshop,medio,402,1,rrt,cart,10.818900002050214,True,1.2520768190842677,1.2598759322098148
workshop,medio,402,1,prm,cart,647.6889999903506,True,1.0410554792456315,1.0475401528126618
workshop,medio,402,1,hybrid_astar,cart,36.86480000033043,True,1.0146038087820926,1.0209237164440599
workshop,medio,402,1,visibility,cart,4901.870000001509,True,1.0,1.00622894139295
store,medio,400,0,tve,person,22.479100007331,True,1.0093176183477381,1.0113371312087476
store,medio,400,0,teselado,person,38.83650001080241,True,1.0836306231490196,1.0857988266364567
store,medio,400,0,astar,person,4.007499999715947,True,1.0607098163657707,1.0628321583094853
store,medio,400,0,theta,person,517.7316000044812,True,1.0070092666896588,1.0090241608401886
store,medio,400,0,rrt,person,34.53340000123717,True,1.6993739838238517,1.7027742094353053
store,medio,400,0,prm,person,609.3085999891628,True,1.0495130362806597,1.051612974928353
store,medio,400,0,hybrid_astar,person,366.32230000395793,True,1.4413548057001437,1.4442387686018856
store,medio,400,0,visibility,person,2683.34090001008,True,1.0,1.0020008695224358
store,medio,400,1,tve,person,23.407500004395843,True,1.00786611300195,1.0103916846353813
store,medio,400,1,teselado,person,43.815600001835264,True,1.1173656437320194,1.1201656058872853
store,medio,400,1,astar,person,9.348099993076175,True,1.0482422447932334,1.0508689933705109
store,medio,400,1,theta,person,1034.0678000065964,True,1.0046117674870105,1.007129184185365
store,medio,400,1,rrt,person,96.86769999098033,True,1.2432085868789076,1.2463238938635899
store,medio,400,1,prm,person,676.8150999996578,True,1.0300315240159448,1.0326126390718386
store,medio,400,1,hybrid_astar,person,79.53780000389088,True,1.012659984997259,1.0151975694039839
store,medio,400,1,visibility,person,2939.1936999891186,True,1.0,1.0025058602535102
store,medio,402,0,tve,cart,22.461500004283153,True,1.0061338049007962,1.0640108814612321
store,medio,402,0,teselado,cart,37.69480000482872,True,1.1678539135191377,1.2350338154714593
store,medio,402,0,astar,cart,3.1740999984322116,True,1.070282015855432,1.1318491691219206
store,medio,402,0,theta,cart,250.59609999880195,True,1.0048176979543173,1.0626190664706223
store,medio,402,0,rrt,cart,26.95990000211168,True,1.2005358877768726,1.2695957952682664
store,medio,402,0,prm,cart,689.704200005508,True,1.0538053792418984,1.1144247266061353
store,medio,402,0,hybrid_astar,cart,38.77030000148807,True,1.017221783999527,1.0757366880656802
store,medio,402,0,visibility,cart,2803.501200003666,True,1.0,1.0575242341312074
store,medio,402,1,tve,cart,29.235599999083206,True,1.0075960820698802,1.2770408527001427
store,medio,402,1,teselado,cart,51.688699997612275,True,1.0650095114027167,1.3498074067353933
store,medio,402,1,astar,cart,17.976199989789166,True,1.0780765925482363,1.3663688014701727
store,medio,402,1,theta,cart,1025.0579999992624,True,1.0065381333184837,1.2756999941957896
store,medio,402,1,rrt,cart,52.68590000923723,True,2.505425458078409,3.1754099884830627
store,medio,402,1,prm,cart,646.4783000119496,True,1.0481605354013004,1.3284527874957361
store,medio,402,1,hybrid_astar,cart,318.9371999906143,True,1.0240821931784363,1.2979355720846506
store,medio,402,1,visibility,cart,2626.1436000058893,True,1.0,1.267413475920578
store,medio,401,0,tve,person,21.98580000549555,True,1.0136861090716545,1.0243915087195565
store,medio,401,0,teselado,person,40.18820000055712,True,1.2195113259966268,1.2323904174659706
store,medio,401,0,astar,person,2.968999993754551,True,1.0719770604510206,1.0832980628232651
store,medio,401,0,theta,person,179.76079999061767,True,1.0108634252473454,1.0215390149194095
store,medio,401,0,rrt,person,33.43120000499766,True,1.684166940579191,1.7019531961185874
store,medio,401,0,prm,person,688.377300000866,True,1.192556568369424,1.2051509943488994
store,medio,401,0,hybrid_astar,person,159.43060000427067,True,1.1720325785970607,1.184410253541954
store,medio,401,0,visibility,person,3913.9301999966847,True,1.0,1.0105608625314064
store,medio,401,1,tve,person,27.953500000876375,True,1.1086873226807588,0.9958312476516459
store,medio,401,1,teselado,person,59.194599991315044,True,1.1760849816425425,1.056368329153063
store,medio,401,1,astar,person,9.146199998212978,True,1.038203645028996,0.9325222810754651
store,medio,401,1,theta,person,1233.5765999887371,True,1.0103414525137173,0.9074962513128882
store,medio,401,1,rrt,person,35.87080001307186,True,1.1147746698692156,1.0012989484375734
store,medio,401,1,prm,person,680.1116999995429,True,1.1703952067711259,1.0512577307966577
store,medio,401,1,hybrid_astar,person,142.27830000163522,True,1.0052236828167407,0.9028994322835059
store,medio,401,1,visibility,person,4220.483299999614,True,1.0,0.8982074812975837
hospital,facil,400,0,tve,person,39.83239999797661,True,1.010649807117389,1.0291520952214752
hospital,facil,400,0,teselado,person,465.64139999100007,True,1.0569143762885862,1.0762636446046
hospital,facil,400,0,astar,person,3.882100005284883,True,1.0337174965564404,1.0526420922025563
hospital,facil,400,0,theta,person,453.93800000601914,True,1.0042962671883116,1.0226822390120989
hospital,facil,400,0,rrt,person,36.78149999177549,True,1.181985060629658,1.2036240378228285
hospital,facil,400,0,prm,person,638.2529999973485,True,1.074654375853125,1.0943284159947482
hospital,facil,400,0,hybrid_astar,person,90.77779999643099,True,1.0128026310016236,1.0313443315386441
hospital,facil,400,0,visibility,person,1925.2542000031099,True,1.0,1.0183073186911882
hospital,facil,401,0,tve,person,36.511300000711344,True,1.017643707736344,1.0358847797255022
hospital,facil,401,0,teselado,person,469.4548000115901,True,1.10949069045475,1.1293781023279135
hospital,facil,401,0,astar,person,5.040300005930476,True,1.080269090609122,1.0996327108031643
hospital,facil,401,0,theta,person,531.7798000032781,True,1.0074784430722437,1.0255373046049159
hospital,facil,401,0,rrt,person,104.05059999902733,True,1.395295824489804,1.4203062396156494
hospital,facil,401,0,prm,person,700.3616000001784,True,1.093501146605883,1.1131019489140253
hospital,facil,401,0,hybrid_astar,person,733.4942999877967,True,1.6518355863424072,1.6814444284309114
hospital,facil,401,0,visibility,person,1927.2544999985257,True,1.0,1.0179248118476887
plaza,medio,401,0,tve,person,22.852699999930337,True,1.0038389541537767,0.9979929176216459
plaza,medio,401,0,teselado,person,51.45319999428466,True,1.1338133195199651,1.1272103539156688
plaza,medio,401,0,astar,person,3.033699991647154,True,1.0182135488761392,1.012283799308632
plaza,medio,401,0,theta,person,351.48539999499917,True,1.0028343713013328,0.9969941851379596
plaza,medio,401,0,rrt,person,16.40870000119321,True,1.2607843687202758,1.2534419643951804
plaza,medio,401,0,prm,person,646.2887999950908,True,1.0877712550947618,1.0814364237260725
plaza,medio,401,0,hybrid_astar,person,92.19250000023749,True,1.0222899695305157,1.0163364801948243
plaza,medio,401,0,visibility,person,3921.956099991803,True,1.0,0.9941763203072163
plaza,medio,401,1,tve,cart,30.468099997960962,True,1.0120292718994,1.0307038697298703
plaza,medio,401,1,teselado,cart,49.562699990929104,True,1.0138695526241839,1.0325781084669219
plaza,medio,401,1,astar,cart,7.759399988572113,True,1.0669473860528524,1.0866353673139213
plaza,medio,401,1,theta,cart,789.761299995007,True,1.0030809000677705,1.0215903769379748
plaza,medio,401,1,rrt,cart,26.827400011825375,True,1.121175616935874,1.141864251469449
plaza,medio,401,1,prm,cart,669.4415999954799,True,1.0548602619767564,1.0743252040557425
plaza,medio,401,1,hybrid_astar,cart,115.35189999267459,True,1.0313503002989852,1.0503814218437904
plaza,medio,401,1,visibility,cart,4047.3184999864316,True,1.0,1.0184526261729774
hospital,facil,402,1,tve,cart,38.84049999760464,True,1.010428384152571,1.02583423403986
hospital,facil,402,1,teselado,cart,374.1664999979548,True,1.0508025777777288,1.0668240069342316
hospital,facil,402,1,astar,cart,6.43389999459032,True,1.0495462321718059,1.0655485060154584
hospital,facil,402,1,theta,cart,903.4901999984868,True,1.0031514963293233,1.0184463966003805
hospital,facil,402,1,rrt,cart,34.79219999280758,True,1.2880716765912585,1.307710712078446
hospital,facil,402,1,prm,cart,659.8010000016075,False,,
hospital,facil,402,1,hybrid_astar,cart,640.7773999962956,True,1.0528850836946135,1.0689382645062047
hospital,facil,402,1,visibility,cart,1870.0544000021182,True,1.0,1.0152468498796277
plaza,facil,401,0,tve,person,23.850999990827404,True,1.036076775061114,1.024120661724741
plaza,facil,401,0,teselado,person,46.57010000664741,True,1.1143641333144814,1.1015045999318214
plaza,facil,401,0,astar,person,2.0905999990645796,True,1.0564620353810965,1.0442706803245692
plaza,facil,401,0,theta,person,161.98109999822918,True,1.0027682849417097,0.9911965447449695
plaza,facil,401,0,rrt,person,25.338699997519143,True,2.1186104797398726,2.094162149634313
plaza,facil,401,0,prm,person,682.9750999895623,True,1.029818762631183,1.017934865473836
plaza,facil,401,0,hybrid_astar,person,133.66760000644717,True,1.0066055808967835,0.9949895590923011
plaza,facil,401,0,visibility,person,7563.254499997129,True,1.0,0.9884602052433152
plaza,facil,401,1,tve,person,21.20160000049509,True,1.0018659777030179,1.0244826874874282
plaza,facil,401,1,teselado,person,48.926900009973906,True,1.0353003423741862,1.0586718191029014
plaza,facil,401,1,astar,person,2.4741999950492755,True,1.081258385348966,1.1056673458762658
plaza,facil,401,1,theta,person,181.98879998817574,True,1.0098330780996525,1.032629641878014
plaza,facil,401,1,rrt,person,15.623300001607276,True,1.2418186915213194,1.2698522345061667
plaza,facil,401,1,prm,person,636.2286999938078,True,1.024831571905663,1.0479667204739698
plaza,facil,401,1,hybrid_astar,person,121.12440000055358,True,1.0143835459143442,1.0372828346202299
plaza,facil,401,1,visibility,person,7005.415099993115,True,1.0,1.022574586110074
plaza,facil,400,0,tve,cart,22.574100003112108,True,1.0008250338237075,1.008149418202163
plaza,facil,400,0,teselado,cart,48.68620001070667,True,1.010350251431132,1.0177443446524799
plaza,facil,400,0,astar,cart,4.603199995472096,True,1.0481768556588553,1.0558477770766732
plaza,facil,400,0,theta,cart,338.906599994516,True,1.0058146628377034,1.0131755630501655
plaza,facil,400,0,rrt,cart,14.932799997041002,True,1.1564953837736691,1.1649590177120666
plaza,facil,400,0,prm,cart,653.3897000044817,True,1.027473848042719,1.0349932576773122
plaza,facil,400,0,hybrid_astar,cart,123.02709999494255,True,1.016125075868887,1.0235614312564185
plaza,facil,400,0,visibility,cart,8906.939599997713,True,1.0,1.0073183464950637
plaza,facil,400,1,tve,person,22.660800008452497,True,1.0078524318195703,1.0107603176085762
plaza,facil,400,1,teselado,person,55.79969999962486,True,1.2007448789371977,1.2042093037472659
plaza,facil,400,1,astar,person,7.21019999764394,True,1.0718412940178785,1.0749338023738066
plaza,facil,400,1,theta,person,754.9614000017755,True,1.0102718632369903,1.0131867296414259
plaza,facil,400,1,rrt,person,18.294200010132045,True,1.2588633569012702,1.2624954668712038
plaza,facil,400,1,prm,person,656.4993000065442,True,1.0714230242409375,1.0745143257924745
plaza,facil,400,1,hybrid_astar,person,123.16940000164323,True,1.0123718499224401,1.015292775270871
plaza,facil,400,1,visibility,person,8969.297300005564,True,1.0,1.0028852297193511
plaza,facil,402,0,tve,person,27.79259999806527,True,1.0024063691564045,1.0087128444362405
plaza,facil,402,0,teselado,person,65.11389999650419,True,1.3010261013956146,1.3092112937480715
plaza,facil,402,0,astar,person,5.529600006411783,True,1.0604177035845828,1.0670891476612847
plaza,facil,402,0,theta,person,455.477499999688,True,1.0152958182868972,1.021683385422106
plaza,facil,402,0,rrt,person,17.14219999848865,True,1.311357373956286,1.31960756381576
plaza,facil,402,0,prm,person,629.7036000032676,True,1.0609833568777427,1.0676583596693732
plaza,facil,402,0,hybrid_astar,person,230.34960000950377,True,1.0162463760219014,1.0226399234352113
plaza,facil,402,0,visibility,person,8059.147199994186,True,1.0,1.0062913360029262
plaza,facil,402,1,tve,person,34.78620000532828,True,1.0153562196810846,1.0091757997940853
plaza,facil,402,1,teselado,person,51.96470000373665,True,1.017443833862461,1.0112507067777778
plaza,facil,402,1,astar,person,5.410500001744367,True,1.0685070213734613,1.0620030753530498
plaza,facil,402,1,theta,person,182.5614000117639,True,1.0032219119303518,0.9971153529361938
plaza,facil,402,1,rrt,person,15.454599997610785,True,1.2943582819890949,1.2864795912283091
plaza,facil,402,1,prm,person,631.0984000010649,True,1.049686874698964,1.0432974859211523
plaza,facil,402,1,hybrid_astar,person,9.745100003783591,False,,
plaza,facil,402,1,visibility,person,7846.874599999865,True,1.0,0.9939130526142436
hospital,medio,401,0,tve,person,40.20469999522902,True,1.0067565413072246,1.0753366262631152
hospital,medio,401,0,teselado,person,229.8653000034392,True,1.0406743132401073,1.1115648710712487
hospital,medio,401,0,astar,person,9.172899997793138,True,1.0454420182521316,1.1166573513406004
hospital,medio,401,0,theta,person,523.114000010537,True,1.008517602370756,1.0772176505078073
hospital,medio,401,0,rrt,person,105.62329999811482,True,1.389719994947725,1.4843874854560688
hospital,medio,401,0,prm,person,635.9292999986792,True,1.0520208128322237,1.1236842922924304
hospital,medio,401,0,hybrid_astar,person,80.35440000821836,True,1.0234159094867012,1.0931308277793355
hospital,medio,401,0,visibility,person,2215.621099996497,True,1.0,1.0681198305072273
hospital,medio,401,1,tve,person,41.54840001137927,True,1.0031653678358539,1.0156434028332573
hospital,medio,401,1,teselado,person,26.146100004552864,True,1.006332285964685,1.018849713186454
hospital,medio,401,1,astar,person,1.750499999616295,True,1.0496977509240801,1.0627545865094066
hospital,medio,401,1,theta,person,112.04110000107903,True,1.002026211036306,1.0144900764472504
hospital,medio,401,1,rrt,person,11.29120000405237,True,1.2591081184973545,1.274769738876075
hospital,medio,401,1,prm,person,616.5854999999283,True,1.025985809739727,1.0387477005019552
hospital,medio,401,1,hybrid_astar,person,38.789800004451536,True,1.0107339537483009,1.0233061318281158
hospital,medio,401,1,visibility,person,2325.5348000093363,True,1.0,1.0124386620566084
hospital,medio,402,0,tve,person,215.74249998957384,True,,1.0066082072313762
hospital,medio,402,0,teselado,person,388.82759999250993,True,,1.0543290126166618
hospital,medio,402,0,astar,person,12.766200001351535,False,,
hospital,medio,402,0,theta,person,1705.000400004792,False,,
hospital,medio,402,0,rrt,person,465.963800001191,False,,
hospital,medio,402,0,prm,person,618.710300012026,False,,
hospital,medio,402,0,hybrid_astar,person,979.748900004779,True,,1.0585506816394141
hospital,medio,402,0,visibility,person,2065.580800001044,False,,
plaza,medio,402,0,tve,person,24.1292999999132,True,1.0023191025506897,1.0102944908484806
plaza,medio,402,0,teselado,person,53.62859999877401,True,1.2152506471696225,1.2249203180016512
plaza,medio,402,0,astar,person,3.9376999920932576,True,1.0603999847744534,1.068837518897096
plaza,medio,402,0,theta,person,242.29190000914969,True,1.003627477615883,1.0116132765694794
plaza,medio,402,0,rrt,person,9.614700000383891,True,1.2384469960754199,1.2483012387560184
plaza,medio,402,0,prm,person,672.3976000066614,True,1.0736788236302615,1.082222016615186
plaza,medio,402,0,hybrid_astar,person,81.42469999438617,True,1.0175295282010641,1.025625944872382
plaza,medio,402,0,visibility,person,9582.099599996582,True,1.0,1.007956935348728
plaza,medio,402,1,tve,person,25.594799997634254,True,1.009234340359891,1.0083144206766763
plaza,medio,402,1,teselado,person,46.561600000131875,True,1.117566973899837,1.1165483087439976
plaza,medio,402,1,astar,person,6.938899998203851,True,1.083830365804228,1.082842451652978
plaza,medio,402,1,theta,person,628.3555000118213,True,1.009195900155664,1.008276015510794
plaza,medio,402,1,rrt,person,17.568399998708628,True,1.4991346234142593,1.4977681583697031
plaza,medio,402,1,prm,person,597.4229999992531,True,1.1031536090499285,1.1021480817130243
plaza,medio,402,1,hybrid_astar,person,120.29610000899993,True,1.0307358695754347,1.0297963511933315
plaza,medio,402,1,visibility,person,8833.63819999795,True,1.0,0.999088497441648
plaza,medio,400,0,tve,person,26.536000004853122,True,1.00206724169929,1.0080102626572665
plaza,medio,400,0,teselado,person,56.59739999100566,True,1.1369280130307182,1.1436708609434931
plaza,medio,400,0,astar,person,6.852200007415377,True,1.0851978386446872,1.0916338872751958
plaza,medio,400,0,theta,person,275.45980000286363,True,1.00819537440263,1.014174739848854
plaza,medio,400,0,rrt,person,15.895499993348494,True,1.411740197756367,1.4201128909583287
plaza,medio,400,0,prm,person,707.2430999978678,True,1.116341030248507,1.1229617816940543
plaza,medio,400,0,hybrid_astar,person,94.35479999228846,True,1.034413777062119,1.0405486375789392
plaza,medio,400,0,visibility,person,12310.192699995241,True,1.0,1.0059307606422685
plaza,medio,400,1,tve,person,21.441500008222647,True,1.001015535507262,1.0053142957015033
plaza,medio,400,1,teselado,person,48.18289999093395,True,1.0096227976173977,1.0139585208301216
plaza,medio,400,1,astar,person,2.0512999908532947,True,1.0762555781498768,1.0808774491139836
plaza,medio,400,1,theta,person,206.86279999790713,True,1.0021139455777035,1.00641742278314
plaza,medio,400,1,rrt,person,30.1952000008896,True,1.2723894727031009,1.2778536208834343
plaza,medio,400,1,prm,person,597.1954999986337,True,1.0210499598453529,1.0254347558530297
plaza,medio,400,1,hybrid_astar,person,47.09569999249652,True,1.0235384649532424,1.0279339475949638
plaza,medio,400,1,visibility,person,11481.848800001899,True,1.0,1.0042943990794937
