experiment,scene,level,seed,map_side_px,query,sx,sy,tx,ty,meters_per_pixel,texture,camera_tilt,iou
E1,home,dificil,0,400,0,290.0,170.0,13.0,76.0,0.025,madera,0.1974757031574802,0.7578135331716994
E1,home,dificil,0,400,1,238.0,16.0,307.0,201.0,0.025,madera,0.1974757031574802,0.7578135331716994
E1,home,dificil,1,400,0,36.0,132.0,249.0,142.0,0.025,alfombra,0.21251298394233642,0.6664027922708791
E1,home,dificil,1,400,1,274.0,378.0,323.0,108.0,0.025,alfombra,0.21251298394233642,0.6664027922708791
E1,home,dificil,2,400,0,279.0,278.0,213.0,27.0,0.025,concreto,0.1443099887689315,0.27635450067766354
E1,home,dificil,2,400,1,231.0,10.0,334.0,267.0,0.025,concreto,0.1443099887689315,0.27635450067766354
E1,home,dificil,3,400,0,321.0,272.0,320.0,59.0,0.025,concreto,0.10931997558987683,0.8219165478216865
E1,home,dificil,3,400,1,13.0,238.0,146.0,379.0,0.025,concreto,0.10931997558987683,0.8219165478216865
E1,home,facil,0,400,0,103.0,304.0,244.0,85.0,0.025,alfombra,0.0,0.9271883932905453
E1,home,facil,0,400,1,383.0,296.0,201.0,309.0,0.025,alfombra,0.0,0.9271883932905453
E1,home,facil,1,400,0,263.0,16.0,254.0,294.0,0.025,alfombra,0.0,0.8857006217120995
E1,home,facil,1,400,1,151.0,228.0,327.0,106.0,0.025,alfombra,0.0,0.8857006217120995
E1,home,facil,2,400,0,159.0,238.0,177.0,39.0,0.025,alfombra,0.0,0.8489416780874067
E1,home,facil,2,400,1,340.0,370.0,98.0,376.0,0.025,alfombra,0.0,0.8489416780874067
E1,home,facil,3,400,0,219.0,54.0,167.0,276.0,0.025,alfombra,0.0,0.9232837864267553
E1,home,facil,3,400,1,242.0,305.0,285.0,86.0,0.025,alfombra,0.0,0.9232837864267553
E1,home,medio,0,400,0,355.0,360.0,252.0,20.0,0.025,uniforme,0.04623726932198618,0.8478496744920102
E1,home,medio,0,400,1,349.0,154.0,115.0,142.0,0.025,uniforme,0.04623726932198618,0.8478496744920102
E1,home,medio,1,400,0,191.0,296.0,42.0,60.0,0.025,concreto,0.046046767249769346,0.859237264544864
E1,home,medio,1,400,1,352.0,336.0,362.0,12.0,0.025,concreto,0.046046767249769346,0.859237264544864
E1,home,medio,2,400,0,357.0,382.0,383.0,59.0,0.025,concreto,0.05673703543066639,0.8136310566258027
E1,home,medio,2,400,1,13.0,284.0,386.0,51.0,0.025,concreto,0.05673703543066639,0.8136310566258027
E1,home,medio,3,400,0,325.0,120.0,151.0,272.0,0.025,uniforme,0.030313153654095645,0.857889237199582
E1,home,medio,3,400,1,121.0,197.0,218.0,379.0,0.025,uniforme,0.030313153654095645,0.857889237199582
E1,hospital,dificil,0,400,0,340.0,254.0,73.0,327.0,0.035,alfombra,0.11433170621700345,0.6588950836289914
E1,hospital,dificil,0,400,1,13.0,108.0,313.0,132.0,0.035,alfombra,0.11433170621700345,0.6588950836289914
E1,hospital,dificil,1,400,0,15.0,188.0,164.0,319.0,0.035,baldosa,0.14166270938782038,0.7233381039332774
E1,hospital,dificil,1,400,1,391.0,126.0,384.0,312.0,0.035,baldosa,0.14166270938782038,0.7233381039332774
E1,hospital,dificil,2,400,0,154.0,23.0,24.0,374.0,0.035,concreto,0.14324668927603243,0.5014586212191002
E1,hospital,dificil,2,400,1,228.0,243.0,39.0,285.0,0.035,concreto,0.14324668927603243,0.5014586212191002
E1,hospital,dificil,3,400,0,342.0,109.0,198.0,288.0,0.035,concreto,0.13696195913781498,0.6587229903425276
E1,hospital,dificil,3,400,1,298.0,375.0,34.0,127.0,0.035,concreto,0.13696195913781498,0.6587229903425276
E1,hospital,facil,0,400,0,15.0,61.0,372.0,297.0,0.035,alfombra,0.0,0.7922436144977106
E1,hospital,facil,0,400,1,71.0,89.0,329.0,53.0,0.035,alfombra,0.0,0.7922436144977106
E1,hospital,facil,1,400,0,158.0,256.0,352.0,286.0,0.035,alfombra,0.0,0.8153649310191367
E1,hospital,facil,1,400,1,39.0,309.0,313.0,303.0,0.035,alfombra,0.0,0.8153649310191367
E1,hospital,facil,2,400,0,381.0,332.0,316.0,107.0,0.035,uniforme,0.0,0.8146376811594203
E1,hospital,facil,2,400,1,67.0,88.0,203.0,242.0,0.035,uniforme,0.0,0.8146376811594203
E1,hospital,facil,3,400,0,198.0,313.0,376.0,146.0,0.035,uniforme,0.0,0.8167200232828871
E1,hospital,facil,3,400,1,61.0,270.0,380.0,245.0,0.035,uniforme,0.0,0.8167200232828871
E1,hospital,medio,0,400,0,82.0,99.0,158.0,264.0,0.035,uniforme,0.09021204648333112,0.7052843532069542
E1,hospital,medio,0,400,1,46.0,94.0,181.0,324.0,0.035,uniforme,0.09021204648333112,0.7052843532069542
E1,hospital,medio,1,400,0,250.0,285.0,234.0,92.0,0.035,baldosa,0.08680211037695658,0.6383710801393728
E1,hospital,medio,1,400,1,374.0,210.0,86.0,268.0,0.035,baldosa,0.08680211037695658,0.6383710801393728
E1,hospital,medio,2,400,0,26.0,342.0,271.0,189.0,0.035,uniforme,0.07728307827666382,0.7209183019109914
E1,hospital,medio,2,400,1,13.0,359.0,91.0,143.0,0.035,uniforme,0.07728307827666382,0.7209183019109914
E1,hospital,medio,3,400,0,167.0,141.0,350.0,197.0,0.035,alfombra,0.10772186966012835,0.7297490573397477
E1,hospital,medio,3,400,1,364.0,277.0,63.0,121.0,0.035,alfombra,0.10772186966012835,0.7297490573397477
E1,office,dificil,0,400,0,50.0,11.0,202.0,336.0,0.03,baldosa,0.11727848645886442,0.6527127427108697
E1,office,dificil,0,400,1,23.0,69.0,383.0,236.0,0.03,baldosa,0.11727848645886442,0.6527127427108697
E1,office,dificil,1,400,0,342.0,289.0,31.0,348.0,0.03,baldosa,0.10431759490720909,0.7081802180156255
E1,office,dificil,1,400,1,90.0,137.0,380.0,297.0,0.03,baldosa,0.10431759490720909,0.7081802180156255
E1,office,dificil,2,400,0,229.0,19.0,163.0,315.0,0.03,baldosa,0.1316037424123163,0.777113441616575
E1,office,dificil,2,400,1,294.0,361.0,131.0,257.0,0.03,baldosa,0.1316037424123163,0.777113441616575
E1,office,dificil,3,400,0,50.0,118.0,262.0,43.0,0.03,alfombra,0.10739880795265874,0.6810848629516832
E1,office,dificil,3,400,1,374.0,165.0,171.0,271.0,0.03,alfombra,0.10739880795265874,0.6810848629516832
E1,office,facil,0,400,0,254.0,137.0,164.0,371.0,0.03,alfombra,0.0,0.9359950681752248
E1,office,facil,0,400,1,22.0,10.0,207.0,132.0,0.03,alfombra,0.0,0.9359950681752248
E1,office,facil,1,400,0,339.0,367.0,11.0,283.0,0.03,uniforme,0.0,0.9265024363833243
E1,office,facil,1,400,1,235.0,164.0,372.0,299.0,0.03,uniforme,0.0,0.9265024363833243
E1,office,facil,2,400,0,139.0,249.0,184.0,15.0,0.03,uniforme,0.0,0.9313804302389145
E1,office,facil,2,400,1,378.0,185.0,230.0,356.0,0.03,uniforme,0.0,0.9313804302389145
E1,office,facil,3,400,0,105.0,18.0,325.0,270.0,0.03,alfombra,0.0,0.910878375667108
E1,office,facil,3,400,1,223.0,114.0,65.0,290.0,0.03,alfombra,0.0,0.910878375667108
E1,office,medio,0,400,0,57.0,254.0,32.0,47.0,0.03,alfombra,0.03499734240890688,0.8786424291938998
E1,office,medio,0,400,1,330.0,379.0,36.0,151.0,0.03,alfombra,0.03499734240890688,0.8786424291938998
E1,office,medio,1,400,0,385.0,369.0,260.0,228.0,0.03,madera,0.10572396795720808,0.8697739484309923
E1,office,medio,1,400,1,338.0,302.0,387.0,81.0,0.03,madera,0.10572396795720808,0.8697739484309923
E1,office,medio,2,400,0,48.0,152.0,225.0,236.0,0.03,baldosa,0.06395410402091124,0.8408325592196935
E1,office,medio,2,400,1,51.0,46.0,77.0,368.0,0.03,baldosa,0.06395410402091124,0.8408325592196935
E1,office,medio,3,400,0,115.0,272.0,59.0,12.0,0.03,madera,0.013597027124142666,0.8260553129548762
E1,office,medio,3,400,1,17.0,326.0,374.0,259.0,0.03,madera,0.013597027124142666,0.8260553129548762
E1,plaza,dificil,0,400,0,295.0,294.0,349.0,17.0,0.045,madera,0.19040801515357314,0.7360639579454605
E1,plaza,dificil,0,400,1,105.0,143.0,311.0,250.0,0.045,madera,0.19040801515357314,0.7360639579454605
E1,plaza,dificil,1,400,0,277.0,154.0,7.0,303.0,0.045,concreto,0.2020906928631735,0.5266709102482495
E1,plaza,dificil,1,400,1,312.0,324.0,188.0,16.0,0.045,concreto,0.2020906928631735,0.5266709102482495
E1,plaza,dificil,2,400,0,97.0,147.0,351.0,342.0,0.045,baldosa,0.10592121421295334,0.7374701670644391
E1,plaza,dificil,2,400,1,29.0,244.0,377.0,373.0,0.045,baldosa,0.10592121421295334,0.7374701670644391
E1,plaza,dificil,3,400,0,103.0,10.0,66.0,385.0,0.045,baldosa,0.13318401790997955,0.6897656536067375
E1,plaza,dificil,3,400,1,360.0,177.0,378.0,376.0,0.045,baldosa,0.13318401790997955,0.6897656536067375
E1,plaza,facil,0,400,0,387.0,207.0,139.0,48.0,0.045,alfombra,0.0,0.8804128902316214
E1,plaza,facil,0,400,1,115.0,67.0,307.0,387.0,0.045,alfombra,0.0,0.8804128902316214
E1,plaza,facil,1,400,0,347.0,245.0,152.0,101.0,0.045,uniforme,0.0,0.840939119829251
E1,plaza,facil,1,400,1,12.0,77.0,118.0,364.0,0.045,uniforme,0.0,0.840939119829251
E1,plaza,facil,2,400,0,290.0,297.0,375.0,49.0,0.045,uniforme,0.0,0.829066517607602
E1,plaza,facil,2,400,1,226.0,260.0,339.0,33.0,0.045,uniforme,0.0,0.829066517607602
E1,plaza,facil,3,400,0,85.0,42.0,261.0,246.0,0.045,uniforme,0.0,0.7756845789582046
E1,plaza,facil,3,400,1,304.0,356.0,52.0,231.0,0.045,uniforme,0.0,0.7756845789582046
E1,plaza,medio,0,400,0,376.0,78.0,45.0,39.0,0.045,concreto,0.04203670373672988,0.6914483440434998
E1,plaza,medio,0,400,1,229.0,56.0,391.0,362.0,0.045,concreto,0.04203670373672988,0.6914483440434998
E1,plaza,medio,1,400,0,194.0,141.0,64.0,347.0,0.045,alfombra,0.02081432158572426,0.73053152039555
E1,plaza,medio,1,400,1,107.0,94.0,388.0,343.0,0.045,alfombra,0.02081432158572426,0.73053152039555
E1,plaza,medio,2,400,0,216.0,163.0,75.0,27.0,0.045,uniforme,0.03735497707837866,0.6952934558409901
E1,plaza,medio,2,400,1,359.0,280.0,89.0,223.0,0.045,uniforme,0.03735497707837866,0.6952934558409901
E1,plaza,medio,3,400,0,206.0,158.0,55.0,263.0,0.045,madera,0.06388653243713181,0.6839429971861668
E1,plaza,medio,3,400,1,259.0,384.0,284.0,144.0,0.045,madera,0.06388653243713181,0.6839429971861668
E1,store,dificil,0,400,0,330.0,332.0,369.0,18.0,0.035,alfombra,0.12327639477239585,0.8397231096911608
E1,store,dificil,0,400,1,217.0,22.0,297.0,390.0,0.035,alfombra,0.12327639477239585,0.8397231096911608
E1,store,dificil,1,400,0,97.0,51.0,282.0,149.0,0.035,alfombra,0.19407288202569734,0.7141015121322236
E1,store,dificil,1,400,1,65.0,327.0,72.0,35.0,0.035,alfombra,0.19407288202569734,0.7141015121322236
E1,store,dificil,2,400,0,275.0,217.0,268.0,12.0,0.035,madera,0.20690188329045223,0.7797902764537655
E1,store,dificil,2,400,1,277.0,362.0,30.0,115.0,0.035,madera,0.20690188329045223,0.7797902764537655
E1,store,dificil,3,400,0,19.0,233.0,343.0,384.0,0.035,baldosa,0.12408994746998185,0.7524212009156541
E1,store,dificil,3,400,1,218.0,152.0,44.0,281.0,0.035,baldosa,0.12408994746998185,0.7524212009156541
E1,store,facil,0,400,0,146.0,299.0,294.0,34.0,0.035,alfombra,0.0,0.9314458969916523
E1,store,facil,0,400,1,68.0,281.0,30.0,13.0,0.035,alfombra,0.0,0.9314458969916523
E1,store,facil,1,400,0,369.0,245.0,62.0,334.0,0.035,uniforme,0.0,0.9123858020068893
E1,store,facil,1,400,1,349.0,380.0,100.0,375.0,0.035,uniforme,0.0,0.9123858020068893
E1,store,facil,2,400,0,71.0,32.0,246.0,271.0,0.035,alfombra,0.0,0.8407267422584709
E1,store,facil,2,400,1,76.0,34.0,384.0,349.0,0.035,alfombra,0.0,0.8407267422584709
E1,store,facil,3,400,0,99.0,321.0,294.0,343.0,0.035,alfombra,0.0,0.8823043568036341
E1,store,facil,3,400,1,228.0,51.0,237.0,309.0,0.035,alfombra,0.0,0.8823043568036341
E1,store,medio,0,400,0,319.0,344.0,311.0,42.0,0.035,alfombra,0.05749753122776788,0.8955817211221747
E1,store,medio,0,400,1,125.0,41.0,367.0,229.0,0.035,alfombra,0.05749753122776788,0.8955817211221747
E1,store,medio,1,400,0,343.0,380.0,145.0,317.0,0.035,alfombra,0.07016582226762026,0.7745052337161503
E1,store,medio,1,400,1,163.0,65.0,229.0,385.0,0.035,alfombra,0.07016582226762026,0.7745052337161503
E1,store,medio,2,400,0,272.0,85.0,254.0,373.0,0.035,concreto,0.03504697765080531,0.8751380452788514
E1,store,medio,2,400,1,197.0,76.0,13.0,245.0,0.035,concreto,0.03504697765080531,0.8751380452788514
E1,store,medio,3,400,0,319.0,32.0,201.0,251.0,0.035,uniforme,0.0015240354332257987,0.8046777899137509
E1,store,medio,3,400,1,107.0,161.0,380.0,48.0,0.035,uniforme,0.0015240354332257987,0.8046777899137509
E1,warehouse,dificil,0,400,0,21.0,244.0,228.0,392.0,0.04,alfombra,0.16834269103877175,0.8649141072358146
E1,warehouse,dificil,0,400,1,143.0,130.0,377.0,188.0,0.04,alfombra,0.16834269103877175,0.8649141072358146
E1,warehouse,dificil,1,400,0,229.0,350.0,219.0,35.0,0.04,madera,0.1839225147635268,0.8160347903657449
E1,warehouse,dificil,1,400,1,392.0,326.0,129.0,283.0,0.04,madera,0.1839225147635268,0.8160347903657449
E1,warehouse,dificil,2,400,0,343.0,280.0,107.0,27.0,0.04,madera,0.17968564888872507,0.9233139484419756
E1,warehouse,dificil,2,400,1,307.0,368.0,67.0,207.0,0.04,madera,0.17968564888872507,0.9233139484419756
E1,warehouse,dificil,3,400,0,286.0,280.0,43.0,199.0,0.04,baldosa,0.1583706535016831,0.8750496544053389
E1,warehouse,dificil,3,400,1,330.0,112.0,228.0,280.0,0.04,baldosa,0.1583706535016831,0.8750496544053389
E1,warehouse,facil,0,400,0,117.0,83.0,278.0,366.0,0.04,uniforme,0.0,0.9615804117974401
E1,warehouse,facil,0,400,1,215.0,160.0,11.0,217.0,0.04,uniforme,0.0,0.9615804117974401
E1,warehouse,facil,1,400,0,310.0,33.0,373.0,309.0,0.04,alfombra,0.0,0.9479779268892976
E1,warehouse,facil,1,400,1,314.0,354.0,313.0,159.0,0.04,alfombra,0.0,0.9479779268892976
E1,warehouse,facil,2,400,0,216.0,302.0,201.0,17.0,0.04,uniforme,0.0,0.9714547997901731
E1,warehouse,facil,2,400,1,215.0,219.0,379.0,333.0,0.04,uniforme,0.0,0.9714547997901731
E1,warehouse,facil,3,400,0,244.0,286.0,135.0,24.0,0.04,alfombra,0.0,0.9631208464498077
E1,warehouse,facil,3,400,1,381.0,185.0,354.0,379.0,0.04,alfombra,0.0,0.9631208464498077
E1,warehouse,medio,0,400,0,357.0,338.0,273.0,159.0,0.04,concreto,0.01716565749367583,0.9523169172435078
E1,warehouse,medio,0,400,1,188.0,126.0,376.0,253.0,0.04,concreto,0.01716565749367583,0.9523169172435078
E1,warehouse,medio,1,400,0,321.0,304.0,230.0,138.0,0.04,concreto,0.09380246921140742,0.8792109183526359
E1,warehouse,medio,1,400,1,360.0,141.0,10.0,142.0,0.04,concreto,0.09380246921140742,0.8792109183526359
E1,warehouse,medio,2,400,0,390.0,354.0,54.0,297.0,0.04,madera,0.008545585971967985,0.9363557840183706
E1,warehouse,medio,2,400,1,133.0,118.0,341.0,102.0,0.04,madera,0.008545585971967985,0.9363557840183706
E1,warehouse,medio,3,400,0,353.0,378.0,87.0,289.0,0.04,uniforme,0.08446300712050704,0.9347775349557615
E1,warehouse,medio,3,400,1,26.0,379.0,248.0,289.0,0.04,uniforme,0.08446300712050704,0.9347775349557615
E1,workshop,dificil,0,400,0,68.0,324.0,302.0,47.0,0.03,baldosa,0.21757960926610703,0.7726480273778007
E1,workshop,dificil,0,400,1,380.0,388.0,146.0,248.0,0.03,baldosa,0.21757960926610703,0.7726480273778007
E1,workshop,dificil,1,400,0,142.0,153.0,335.0,379.0,0.03,alfombra,0.18099333197706297,0.7454615895505867
E1,workshop,dificil,1,400,1,154.0,48.0,154.0,346.0,0.03,alfombra,0.18099333197706297,0.7454615895505867
E1,workshop,dificil,2,400,0,287.0,359.0,333.0,93.0,0.03,madera,0.15593727850021236,0.5601897284919856
E1,workshop,dificil,2,400,1,165.0,202.0,368.0,287.0,0.03,madera,0.15593727850021236,0.5601897284919856
E1,workshop,dificil,3,400,0,194.0,321.0,295.0,128.0,0.03,madera,0.125660487871519,0.7931461332985862
E1,workshop,dificil,3,400,1,60.0,66.0,335.0,388.0,0.03,madera,0.125660487871519,0.7931461332985862
E1,workshop,facil,0,400,0,275.0,361.0,352.0,177.0,0.03,alfombra,0.0,0.8659719206831669
E1,workshop,facil,0,400,1,379.0,378.0,197.0,36.0,0.03,alfombra,0.0,0.8659719206831669
E1,workshop,facil,1,400,0,145.0,44.0,130.0,340.0,0.03,alfombra,0.0,0.9331439656366911
E1,workshop,facil,1,400,1,42.0,298.0,177.0,55.0,0.03,alfombra,0.0,0.9331439656366911
E1,workshop,facil,2,400,0,310.0,344.0,335.0,91.0,0.03,uniforme,0.0,0.8620934526345689
E1,workshop,facil,2,400,1,359.0,186.0,67.0,79.0,0.03,uniforme,0.0,0.8620934526345689
E1,workshop,facil,3,400,0,40.0,172.0,205.0,51.0,0.03,uniforme,0.0,0.9215643750451818
E1,workshop,facil,3,400,1,390.0,128.0,119.0,91.0,0.03,uniforme,0.0,0.9215643750451818
E1,workshop,medio,0,400,0,61.0,382.0,81.0,202.0,0.03,madera,0.05063447541575923,0.7516331658291457
E1,workshop,medio,0,400,1,360.0,331.0,74.0,215.0,0.03,madera,0.05063447541575923,0.7516331658291457
E1,workshop,medio,1,400,0,11.0,250.0,325.0,150.0,0.03,baldosa,0.10230066285679912,0.7731029732522099
E1,workshop,medio,1,400,1,359.0,158.0,18.0,352.0,0.03,baldosa,0.10230066285679912,0.7731029732522099
E1,workshop,medio,2,400,0,182.0,180.0,304.0,340.0,0.03,concreto,0.07455003596677658,0.8207693867892637
E1,workshop,medio,2,400,1,77.0,327.0,329.0,267.0,0.03,concreto,0.07455003596677658,0.8207693867892637
E1,workshop,medio,3,400,0,110.0,211.0,88.0,390.0,0.03,concreto,0.05452877005910484,0.8084728564180619
E1,workshop,medio,3,400,1,353.0,101.0,164.0,182.0,0.03,concreto,0.05452877005910484,0.8084728564180619
